<?xml version="1.0" encoding="UTF-8" standalone="no"?>
<theme>
<version><![CDATA[57]]></version>
<uiVersion>12</uiVersion>
<author><![CDATA[Telefon koruyucusu]]></author>
<designer><![CDATA[Telefon koruyucusu]]></designer>
<title><![CDATA[Mobil sağlık]]></title>
<description><![CDATA[Mobil sağlık hizmetçisi]]></description>
<typeTag>theme_bind:com.miui.securitycenter</typeTag>
<frame>0</frame>
<editable>false</editable>
<resourceType>widgets</resourceType>
<authors>
<author locale="it_IT"><![CDATA[Sicurezza]]></author>
<author locale="pt_BR"><![CDATA[Segurança]]></author>
<author locale="ru_RU"><![CDATA[Безопасность]]></author>
<author locale="tr_TR"><![CDATA[Güvenlik]]></author>
<author locale="uk_UA"><![CDATA[Безпека]]></author>
<author locale="vi_VN"><![CDATA[Bảo mật]]></author>
<author locale="zh_CN"><![CDATA[手机管家]]></author>
<author locale="zh_TW"><![CDATA[手機管家]]></author>
</authors>
<designers>
<designer locale="it_IT"><![CDATA[Sicurezza]]></designer>
<designer locale="pt_BR"><![CDATA[Segurança]]></designer>
<designer locale="ru_RU"><![CDATA[Безопасность]]></designer>
<designer locale="tr_TR"><![CDATA[Güvenlik]]></designer>
<designer locale="uk_UA"><![CDATA[Безпека]]></designer>
<designer locale="vi_VN"><![CDATA[Bảo mật]]></designer>
<designer locale="zh_CN"><![CDATA[手机管家]]></designer>
<designer locale="zh_TW"><![CDATA[手機管家]]></designer>
</designers>
<titles>
<title locale="it_IT"><![CDATA[Sicurezza]]></title>
<title locale="pt_BR"><![CDATA[Segurança]]></title>
<title locale="ru_RU"><![CDATA[Оптимизация]]></title>
<title locale="tr_TR"><![CDATA[Optimizasyon]]></title>
<title locale="uk_UA"><![CDATA[Оптимізація]]></title>
<title locale="vi_VN"><![CDATA[Bảo mật]]></title>
<title locale="zh_CN"><![CDATA[手机健康]]></title>
<title locale="zh_TW"><![CDATA[手機健康]]></title>
</titles>
<descriptions>
<description locale="it_IT"><![CDATA[Visualizza le informazioni di sicurezza e ottimizza il tuo dispositivo]]></description>
<description locale="pt_BR"><![CDATA[Veja informações de segurança e otimize seu dispositivo]]></description>
<description locale="ru_RU"><![CDATA[Оптимизация устройства]]></description>
<description locale="tr_TR"><![CDATA[Cihaz optimizasyonu]]></description>
<description locale="uk_UA"><![CDATA[Оптимізація пристрою]]></description>
<description locale="vi_VN"><![CDATA[Xem thông tin bảo mật và tối ưu thiết bị của bạn]]></description>
<description locale="zh_CN"><![CDATA[桌面上的手机健康管家]]></description>
<description locale="zh_TW"><![CDATA[桌面上的手機健康管家]]></description>
</descriptions>
</theme>
