<?xml version="1.0" encoding="UTF-8" standalone="no"?>
<theme>
<version><![CDATA[24]]></version>
<uiVersion>12</uiVersion>
<author><![CDATA[Telefon koruyucusu]]></author>
<designer><![CDATA[Telefon koruyucusu]]></designer>
<title><![CDATA[Telefon koruyucusu]]></title>
<description><![CDATA[Telefonu hızlı bir şekilde yönetin ve telefonun durumunu anlayın]]></description>
<typeTag>theme_bind:com.miui.securitycenter</typeTag>
<frame>0</frame>
<editable>false</editable>
<resourceType>widgets</resourceType>
<authors>
<author locale="it_IT"><![CDATA[Sicurezza]]></author>
<author locale="pt_BR"><![CDATA[Segurança]]></author>
<author locale="ru_RU"><![CDATA[Безопасность]]></author>
<author locale="tr_TR"><![CDATA[Güvenlik]]></author>
<author locale="uk_UA"><![CDATA[Безпека]]></author>
<author locale="vi_VN"><![CDATA[Bảo mật]]></author>
<author locale="zh_CN"><![CDATA[手机管家]]></author>
<author locale="zh_TW"><![CDATA[手機管家]]></author>
</authors>
<designers>
<designer locale="it_IT"><![CDATA[Sicurezza]]></designer>
<designer locale="pt_BR"><![CDATA[Segurança]]></designer>
<designer locale="ru_RU"><![CDATA[Безопасность]]></designer>
<designer locale="tr_TR"><![CDATA[Güvenlik]]></designer>
<designer locale="uk_UA"><![CDATA[Безпека]]></designer>
<designer locale="vi_VN"><![CDATA[Bảo mật]]></designer>
<designer locale="zh_CN"><![CDATA[手机管家]]></designer>
<designer locale="zh_TW"><![CDATA[手機管家]]></designer>
</designers>
<titles>
<title locale="it_IT"><![CDATA[Sicurezza]]></title>
<title locale="pt_BR"><![CDATA[Segurança]]></title>
<title locale="ru_RU"><![CDATA[Оптимизация и ускорение]]></title>
<title locale="tr_TR"><![CDATA[Optimizasyon ve hızlandırma]]></title>
<title locale="uk_UA"><![CDATA[Оптимізація і прискорення]]></title>
<title locale="vi_VN"><![CDATA[Bảo mật]]></title>
<title locale="zh_CN"><![CDATA[手机管家]]></title>
<title locale="zh_TW"><![CDATA[手機管家]]></title>
</titles>
<descriptions>
<description locale="it_IT"><![CDATA[Ottimizza il tuo dispositivo e aumenta le prestazioni]]></description>
<description locale="pt_BR"><![CDATA[Otimizar o seu dispositivo e aumentar o desempenho]]></description>
<description locale="ru_RU"><![CDATA[Оптимизация и ускорение устройства]]></description>
<description locale="tr_TR"><![CDATA[Аптымізацыя і паскарэнне прылады]]></description>
<description locale="uk_UA"><![CDATA[Оптимізація і прискорення пристрою]]></description>
<description locale="vi_VN"><![CDATA[Tối ưu hóa thiết bị của bạn và tăng hiệu suất]]></description>
<description locale="zh_CN"><![CDATA[快速管理手机，了解手机状态]]></description>
<description locale="zh_TW"><![CDATA[快速管理手機，瞭解手機狀態]]></description>
</descriptions>
</theme>
