<?xml version="1.0" encoding="UTF-8" standalone="no"?>
<theme>
<version><![CDATA[35]]></version>
<uiVersion>12</uiVersion>
<author><![CDATA[Hava durumu]]></author>
<designer><![CDATA[Hava durumu]]></designer>
<title><![CDATA[Çok günlük hava durumu]]></title>
<description><![CDATA[Birden fazla gün boyunca bir yerdeki hava durumu hakkında daha fazla bilgi edinin]]></description>
<typeTag>theme_bind:com.miui.weather2</typeTag>
<frame>0</frame>
<editable>true</editable>
<customEditLink>true</customEditLink>
<resourceType>widgets</resourceType>
<authors>
<author locale="it_IT"><![CDATA[Meteo]]></author>
<author locale="pt_BR"><![CDATA[Tempo]]></author>
<author locale="ru_RU"><![CDATA[Погода]]></author>
<author locale="tr_TR"><![CDATA[Dışarıda]]></author>
<author locale="uk_UA"><![CDATA[Погода]]></author>
<author locale="vi_VN"><![CDATA[Thời tiết]]></author>
<author locale="zh_CN"><![CDATA[天气]]></author>
<author locale="zh_TW"><![CDATA[天氣]]></author>
</authors>
<designers>
<designer locale="it_IT"><![CDATA[Meteo]]></designer>
<designer locale="pt_BR"><![CDATA[Tempo]]></designer>
<designer locale="ru_RU"><![CDATA[Погода]]></designer>
<designer locale="tr_TR"><![CDATA[Dışarıda]]></designer>
<designer locale="uk_UA"><![CDATA[Погода]]></designer>
<designer locale="vi_VN"><![CDATA[Thời tiết]]></designer>
<designer locale="zh_CN"><![CDATA[天气]]></designer>
<designer locale="zh_TW"><![CDATA[天氣]]></designer>
</designers>
<titles>
<title locale="it_IT"><![CDATA[Meteo]]></title>
<title locale="pt_BR"><![CDATA[Tempo]]></title>
<title locale="ru_RU"><![CDATA[Погода на неделю]]></title>
<title locale="tr_TR"><![CDATA[Bir hafta boyunca hava durumu]]></title>
<title locale="uk_UA"><![CDATA[Погода на тиждень]]></title>
<title locale="vi_VN"><![CDATA[Thời tiết]]></title>
<title locale="zh_CN"><![CDATA[多日天气]]></title>
<title locale="zh_TW"><![CDATA[多日天氣]]></title>
</titles>
<descriptions>
<description locale="it_IT"><![CDATA[Visualizza previsioni meteo dettagliate]]></description>
<description locale="pt_BR"><![CDATA[Veja a previsão do tempo detalhada]]></description>
<description locale="ru_RU"><![CDATA[Просмотр информации о погоде на неделю]]></description>
<description locale="tr_TR"><![CDATA[Haftanın hava durumu bilgilerini görüntüleyin]]></description>
<description locale="uk_UA"><![CDATA[Перегляд інформації про погоду на тиждень]]></description>
<description locale="vi_VN"><![CDATA[Xem dự báo thời tiết chi tiết]]></description>
<description locale="zh_CN"><![CDATA[了解某地多日天气详情]]></description>
<description locale="zh_TW"><![CDATA[瞭解某地多日天氣詳情]]></description>
</descriptions>
</theme>
