<?xml version="1.0" encoding="UTF-8" standalone="no"?>
<theme>
<version><![CDATA[4]]></version>
<uiVersion>12</uiVersion>
<author><![CDATA[Telefon koruyucusu]]></author>
<designer><![CDATA[Telefon koruyucusu]]></designer>
<title><![CDATA[Tek tıklamayla hızlandırma]]></title>
<description><![CDATA[Telefonunuzu hızlandırın ve tek tıklamayla belleği boşaltın]]></description>
<typeTag>theme_bind:com.miui.securitycenter</typeTag>
<frame>0</frame>
<editable>false</editable>
<authors>
<author locale="it_IT"><![CDATA[Sicurezza]]></author>
<author locale="pt_BR"><![CDATA[Segurança]]></author>
<author locale="ru_RU"><![CDATA[Безопасность]]></author>
<author locale="tr_TR"><![CDATA[Güvenlik]]></author>
<author locale="uk_UA"><![CDATA[Безпека]]></author>
<author locale="vi_VN"><![CDATA[Bảo mật]]></author>
<author locale="zh_CN"><![CDATA[手机管家]]></author>
<author locale="zh_TW"><![CDATA[手機管家]]></author>
</authors>
<designers>
<designer locale="it_IT"><![CDATA[Sicurezza]]></designer>
<designer locale="pt_BR"><![CDATA[Segurança]]></designer>
<designer locale="ru_RU"><![CDATA[Безопасность]]></designer>
<designer locale="tr_TR"><![CDATA[Güvenlik]]></designer>
<designer locale="uk_UA"><![CDATA[Безпека]]></designer>
<designer locale="vi_VN"><![CDATA[Bảo mật]]></designer>
<designer locale="zh_CN"><![CDATA[手机管家]]></designer>
<designer locale="zh_TW"><![CDATA[手機管家]]></designer>
</designers>
<titles>
<title locale="it_IT"><![CDATA[Aumenta la velocità]]></title>
<title locale="pt_BR"><![CDATA[Velocidade de aumento]]></title>
<title locale="ru_RU"><![CDATA[Ускорение]]></title>
<title locale="tr_TR"><![CDATA[Hızlanma]]></title>
<title locale="uk_UA"><![CDATA[Прискорення]]></title>
<title locale="vi_VN"><![CDATA[Tăng tốc]]></title>
<title locale="zh_CN"><![CDATA[一键加速]]></title>
<title locale="zh_TW"><![CDATA[一鍵加速]]></title>
</titles>
<descriptions>
<description locale="it_IT"><![CDATA[Cancella la memoria per aumentare la velocità]]></description>
<description locale="pt_BR"><![CDATA[Limpar memória para velocidade de impulso]]></description>
<description locale="ru_RU"><![CDATA[Очистка памяти для ускорения устройства]]></description>
<description locale="tr_TR"><![CDATA[Cihazı hızlandırmak için belleği temizleyin]]></description>
<description locale="uk_UA"><![CDATA[Очищення пам'яті для прискорення пристрою]]></description>
<description locale="vi_VN"><![CDATA[Xóa bộ nhớ để tăng tốc độ]]></description>
<description locale="zh_CN"><![CDATA[手机提速，一键释放内存]]></description>
<description locale="zh_TW"><![CDATA[手機加速，一鍵釋放記憶體]]></description>
</descriptions>
</theme>
