<?xml version="1.0" encoding="UTF-8" standalone="no"?>
<theme>
<version><![CDATA[4]]></version>
<uiVersion>12</uiVersion>
<author><![CDATA[Saat]]></author>
<designer><![CDATA[Saat]]></designer>
<title><![CDATA[Yerel saat]]></title>
<description><![CDATA[Yerel saati görüntülemek için ekleyin]]></description>
<typeTag>theme_bind:com.android.deskclock</typeTag>
<frame>0</frame>
<editable>false</editable>
<authors>
<author locale="it_IT"><![CDATA[Orologio]]></author>
<author locale="pt_BR"><![CDATA[Relógio]]></author>
<author locale="ru_RU"><![CDATA[Часы]]></author>
<author locale="tr_TR"><![CDATA[Saatler]]></author>
<author locale="uk_UA"><![CDATA[Годинник]]></author>
<author locale="vi_VN"><![CDATA[Đồng hồ]]></author>
<author locale="zh_CN"><![CDATA[时钟]]></author>
<author locale="zh_TW"><![CDATA[時鐘]]></author>
</authors>
<designers>
<designer locale="it_IT"><![CDATA[Orologio]]></designer>
<designer locale="pt_BR"><![CDATA[Relógio]]></designer>
<designer locale="ru_RU"><![CDATA[Часы]]></designer>
<designer locale="tr_TR"><![CDATA[Saatler]]></designer>
<designer locale="uk_UA"><![CDATA[Годинник]]></designer>
<designer locale="vi_VN"><![CDATA[Đồng hồ]]></designer>
<designer locale="zh_CN"><![CDATA[时钟]]></designer>
<designer locale="zh_TW"><![CDATA[時鐘]]></designer>
</designers>
<titles>
<title locale="it_IT"><![CDATA[Attuale]]></title>
<title locale="pt_BR"><![CDATA[Atual]]></title>
<title locale="ru_RU"><![CDATA[Местное время]]></title>
<title locale="tr_TR"><![CDATA[Yerel zaman]]></title>
<title locale="uk_UA"><![CDATA[Місцевий час]]></title>
<title locale="vi_VN"><![CDATA[Hiện tại]]></title>
<title locale="zh_CN"><![CDATA[本地时钟]]></title>
<title locale="zh_TW"><![CDATA[本地時鐘]]></title>
</titles>
<descriptions>
<description locale="it_PT"><![CDATA[Tempo nella tua posizione corrente]]></description>
<description locale="pt_BR"><![CDATA[Tempo em sua localização atual]]></description>
<description locale="ru_RU"><![CDATA[Время в вашем текущем местоположении]]></description>
<description locale="tr_TR"><![CDATA[Geçerli konumunuzdaki saat]]></description>
<description locale="uk_UA"><![CDATA[Час в вашому розташуванні]]></description>
<description locale="vi_VN"><![CDATA[Thời gian ở vị trí hiện tại của bạn]]></description>
<description locale="zh_CN"><![CDATA[添加查看本地时间]]></description>
<description locale="zh_TW"><![CDATA[增加查看本地時間]]></description>
</descriptions>
</theme>
