<?xml version="1.0" encoding="UTF-8" standalone="no"?>
<theme>
<version><![CDATA[2]]></version>
<uiVersion>12</uiVersion>
<author><![CDATA[Yapılacaklar listesi]]></author>
<designer><![CDATA[Yapılacaklar listesi]]></designer>
<title><![CDATA[Yapılacaklar listesi]]></title>
<description><![CDATA[Hızlı görünüm ve yapılacaklar için erişim]]></description>
<typeTag>theme_bind:com.miui.notes</typeTag>
<frame>30</frame>
<editable>false</editable>
<resourceType>widgets</resourceType>
<authors>
<author locale="en_US"><![CDATA[Tasks]]></author>
<author locale="ru_RU"><![CDATA[Задачи]]></author>
<author locale="tr_TR"><![CDATA[Задачы]]></author>
<author locale="uk_UA"><![CDATA[Завдання]]></author>
<author locale="zh_CN"><![CDATA[Yapılacaklar listesi]]></author>
<author locale="zh_TW"><![CDATA[待辦清單]]></author>
</authors>
<designers>
<designer locale="en_US"><![CDATA[Tasks]]></designer>
<designer locale="ru_RU"><![CDATA[Задачи]]></designer>
<designer locale="tr_TR"><![CDATA[Задачы]]></designer>
<designer locale="uk_UA"><![CDATA[Завдання]]></designer>
<designer locale="zh_CN"><![CDATA[Yapılacaklar listesi]]></designer>
<designer locale="zh_TW"><![CDATA[待辦清單]]></designer>
</designers>
<titles>
<title locale="en_US"><![CDATA[Tasks]]></title>
<title locale="ru_RU"><![CDATA[Задачи]]></title>
<title locale="tr_TR"><![CDATA[Задачы]]></title>
<title locale="uk_UA"><![CDATA[Завдання]]></title>
<title locale="zh_CN"><![CDATA[Yapılacaklar listesi]]></title>
<title locale="zh_TW"><![CDATA[待辦清單]]></title>
</titles>
<descriptions>
<description locale="en_US"><![CDATA[View and open your tasks]]></description>
<description locale="ru_RU"><![CDATA[Просмотр ваших задач]]></description>
<description locale="tr_TR"><![CDATA[Прагляд вашых задач]]></description>
<description locale="uk_UA"><![CDATA[Перегляд ваших завдань]]></description>
<description locale="zh_CN"><![CDATA[Hızlı görünüm ve yapılacaklar için erişim]]></description>
<description locale="zh_TW"><![CDATA[快速查看與瀏覽待辦。]]></description>
</descriptions>
</theme>
