<?xml version="1.0" encoding="UTF-8" standalone="no"?>
<theme>
<version><![CDATA[30]]></version>
<uiVersion>12</uiVersion>
<author><![CDATA[Telefon koruyucusu]]></author>
<designer><![CDATA[Telefon koruyucusu]]></designer>
<title><![CDATA[Pil]]></title>
<description><![CDATA[Tüm cihazların pil seviyesini kontrol edin]]></description>
<typeTag>theme_bind:com.miui.securitycenter</typeTag>
<frame>0</frame>
<editable>false</editable>
<resourceType>widgets</resourceType>
<authors>
<author locale="it_IT"><![CDATA[Sicurezza]]></author>
<author locale="pt_BR"><![CDATA[Segurança]]></author>
<author locale="ru_RU"><![CDATA[Безопасность]]></author>
<author locale="tr_TR"><![CDATA[Güvenlik]]></author>
<author locale="uk_UA"><![CDATA[Безпека]]></author>
<author locale="vi_VN"><![CDATA[Bảo mật]]></author>
<author locale="zh_CN"><![CDATA[手机管家]]></author>
<author locale="zh_TW"><![CDATA[手機管家]]></author>
</authors>
<designers>
<designer locale="it_IT"><![CDATA[Sicurezza]]></designer>
<designer locale="pt_BR"><![CDATA[Segurança]]></designer>
<designer locale="ru_RU"><![CDATA[Безопасность]]></designer>
<designer locale="tr_TR"><![CDATA[Güvenlik]]></designer>
<designer locale="uk_UA"><![CDATA[Безпека]]></designer>
<designer locale="vi_VN"><![CDATA[Bảo mật]]></designer>
<designer locale="zh_CN"><![CDATA[手机管家]]></designer>
<designer locale="zh_TW"><![CDATA[手機管家]]></designer>
</designers>
<titles>
<title locale="it_IT"><![CDATA[Batteria]]></title>
<title locale="pt_BR"><![CDATA[Bateria]]></title>
<title locale="ru_RU"><![CDATA[Батарея]]></title>
<title locale="tr_TR"><![CDATA[Pil]]></title>
<title locale="uk_UA"><![CDATA[Батарея]]></title>
<title locale="vi_VN"><![CDATA[Pin]]></title>
<title locale="zh_CN"><![CDATA[电池]]></title>
<title locale="zh_TW"><![CDATA[电池。繁体]]></title>
</titles>
<descriptions>
<description locale="it_IT"><![CDATA[Ver todos os dispositivos]]></description>
<description locale="pt_BR"><![CDATA[Visualizza tutti i dispositivi]]></description>
<description locale="ru_RU"><![CDATA[Заряд батареи устройств]]></description>
<description locale="tr_TR"><![CDATA[Cihaz pil şarjı]]></description>
<description locale="uk_UA"><![CDATA[Заряд батареї пристроїв]]></description>
<description locale="vi_VN"><![CDATA[Xem tất cả các thiết bị]]></description>
<description locale="zh_CN"><![CDATA[查看全部设备的电量]]></description>
<description locale="zh_TW"><![CDATA[查看全部裝置的電量]]></description>
</descriptions>
</theme>
